id,name,old_website,new_website,note
7207fd42-5d5e-411f-8f43-f8b5e5ac6b9a,Orchard Park Public School,https://www.tvdsb.ca/OrchardPark.cfm,https://www.tvdsb.ca/orchardpark,
9167da70-8bc7-4e4f-8b86-6d0fc85e42ee,Oakridge Secondary School,https://www.tvdsb.ca/Oakridge.cfm,https://www.tvdsb.ca/oakridge,
10ba5d60-fc84-4e3e-87d1-160a07c96baf,Sir Isaac Brock Public School,https://www.tvdsb.ca/SirIsaacBrock.cfm,https://www.tvdsb.ca/brock,
9fb7efa1-5eae-4d35-91c5-cb0c593b2f46,Wilfrid Jury Public School,https://www.tvdsb.ca/WilfridJury.cfm,https://www.tvdsb.ca/wilfridjury,
4687fb67-3af8-45f0-9192-4af87b60645f,Hillcrest Public School,https://www.tvdsb.ca/Hillcrest-London.cfm,https://www.tvdsb.ca/hillcrest,
454567a1-a765-40d8-a1f6-27e6d802deb4,St George's Public School,https://www.tvdsb.ca/St.cfm,https://www.tvdsb.ca/stgeorges,
930c228f-ce97-4acd-a77d-fa077ad70f22,Woodland Heights Public School,https://www.tvdsb.ca/WoodlandHeights.cfm,https://www.tvdsb.ca/woodlandheights,
bfdf857e-1324-49c6-95f9-b9cd59ae23b3,Byron Northview Public School,https://www.tvdsb.ca/ByronNorthview.cfm,https://www.tvdsb.ca/byronnorthview,
5e4f781d-81be-4b33-9cc1-6ebfbed37a11,Medway High School,https://www.tvdsb.ca/MedwayHighSchool.cfm,https://www.tvdsb.ca/medway,
5cfa2fd2-3002-4e29-96cc-37b82e624ab9,West Oaks French Immersion Public School,http://sites.tvdsb.ca/westfieldPS.cfm,https://www.tvdsb.ca/westoaks,
5ec55dce-ad62-41f3-9502-b69f1187e103,Emily Carr Public School,https://www.tvdsb.ca/EmilyCarr.cfm,https://www.tvdsb.ca/emilycarr,
82c1d53e-4481-45d0-8688-8dea20c9e98e,Westminster Secondary School,https://www.tvdsb.ca/Westminster.cfm,https://www.tvdsb.ca/westminster,
86c3330f-ef5f-47cb-96da-6137eb4643aa,Jack Chambers Public School,https://www.tvdsb.ca/JackChambers.cfm,https://www.tvdsb.ca/jackchambers,
c53d6123-20c3-4b5d-9853-3a31f88724a0,Chippewa Public School,https://www.tvdsb.ca/Chippewa.cfm,https://www.tvdsb.ca/chippewa,
62e40233-72a0-404a-92f5-9694a666cad3,Clarke Road Secondary School,https://www.tvdsb.ca/Clarke.cfm,https://www.tvdsb.ca/clarkeroad,
ca2de9a2-5049-4a38-8c01-dc294dab158f,Cedar Hollow Public School,http://sites.tvdsb.ca/cedarhollow.cfm?subpage=149,https://www.tvdsb.ca/cedarhollow,
62a5a1d6-60b2-430a-9a5a-f6104c7f6860,Prince Charles Public School,https://www.tvdsb.ca/PrinceCharles.cfm,https://www.tvdsb.ca/princecharles,
7df0dc31-adba-4baf-969b-9daf6557ec85,Princess Anne French Immersion Public School,https://www.tvdsb.ca/PrincessAnne.cfm,https://www.tvdsb.ca/princessanne,
cd0d2c33-08f8-48d1-9f0f-28fda1c93796,White Oaks Public School,https://www.tvdsb.ca/WhiteOaks.cfm,https://www.tvdsb.ca/whiteoaks,
5bd0dc87-81ce-45e7-9403-543ab0b39da7,Ealing Public School,https://www.tvdsb.ca/Ealing.cfm,https://www.tvdsb.ca/ealing,
647f3c6e-d6ee-4bcf-a045-c15a793ceb5d,Arthur Stringer Public School,https://www.tvdsb.ca/ArthurStringer.cfm,https://www.tvdsb.ca/arthurstringer,
87544f42-7059-42e4-917c-a9e09143400d,Wilton Grove Public School,https://www.tvdsb.ca/WiltonGrove.cfm,https://www.tvdsb.ca/wiltongrove,
a8eefb3c-ce0a-4c32-b2b7-6d1b63e4238d,Nicholas Wilson Public School,https://www.tvdsb.ca/NicholasWilson.cfm,https://www.tvdsb.ca/nicholaswilson,
aa0d2305-8adf-4db8-840c-9b54d86f24a0,Ashley Oaks Public School,https://www.tvdsb.ca/AshleyOaksPS.cfm,https://www.tvdsb.ca/ashleyoaks,
e4c8dcdf-4518-400b-b764-bf961928fdb0,Sir Wilfrid Laurier Secondary School,https://www.tvdsb.ca/SirWilfridLaurier.cfm,https://www.tvdsb.ca/laurier,
53c4ccbc-f632-466d-88b7-1f53d9f4cd2e,H.B. Beal Secondary School,https://www.tvdsb.ca/Beal.cfm,https://www.tvdsb.ca/beal,
670821c4-a389-4976-8338-b213806a5edb,Tecumseh Public School,https://www.tvdsb.ca/Tecumseh.cfm,https://www.tvdsb.ca/tecumseh,
8aa702bb-2d4b-41b7-976f-fcd2161fd768,London South Collegiate Institute,https://www.tvdsb.ca/South.cfm,https://www.tvdsb.ca/south,
ad745ab9-5afa-4068-ab3d-184cab9b8d37,John P. Robarts Public School,https://www.tvdsb.ca/Robarts.cfm,https://www.tvdsb.ca/robarts,
c97b6dea-4d94-43ad-80df-7e32b4a09e7e,London Central Secondary School,https://www.tvdsb.ca/Central.cfm,https://www.tvdsb.ca/central,
d744f31f-22c3-47f9-9f52-38c0e116418f,Cleardale Public School,https://www.tvdsb.ca/Cleardale.cfm,https://www.tvdsb.ca/cleardale,
ef03601e-919f-44bf-87f6-e04300020533,Lord Roberts Public School,https://www.tvdsb.ca/LordRoberts.cfm,(removed),not on the board's list
633a9afd-daf8-4f2a-9b88-01873830fd05,Knollwood Park Public School,https://www.tvdsb.ca/KnollwoodPark.cfm,https://www.tvdsb.ca/knollwoodpark,
91cce7d0-24ce-4f39-831d-53ae724b770a,Eagle Heights Public School,https://www.tvdsb.ca/EagleHeights.cfm,https://www.tvdsb.ca/eagleheights,
ad8c58c9-5f6d-43d2-9ea9-0df2ae734d21,Stoneybrook Public School,https://www.tvdsb.ca/Stoneybrook.cfm,https://www.tvdsb.ca/stoneybrook,
cbbb2384-93ef-4b8b-898e-aa591c3a7a08,Masonville Public School,https://www.tvdsb.ca/Masonville.cfm,https://www.tvdsb.ca/masonville,
f785ebe5-02a1-42ed-8c44-4d231d8f06a3,Sir John A. Macdonald Public School,https://www.tvdsb.ca/Macdonald.cfm,https://www.tvdsb.ca/macdonald,
fb9bcf7e-b2b8-4690-a1f6-4446f215ebbb,Northbrae Public School,https://www.tvdsb.ca/Northbrae.cfm,https://www.tvdsb.ca/northbrae,
8f77daa6-296e-4261-a0d9-1185d329f4dc,Clara Brenton Public School,https://www.tvdsb.ca/ClaraBrenton.cfm,https://www.tvdsb.ca/clarabrenton,
960a0502-fa88-4b6b-ab40-60035fb8adda,Evelyn Harrison Public School,https://www.tvdsb.ca/EvelynHarrison.cfm,https://www.tvdsb.ca/evelynharrison,
cbdb07bb-03b1-4b76-a327-5152559cfb87,Lord Elgin Public School,https://www.tvdsb.ca/LordElgin.cfm,https://www.tvdsb.ca/lordelgin,
de1ffb17-ba24-48c3-81aa-aa05009dbe34,Montcalm Secondary School,https://www.tvdsb.ca/Montcalm.cfm,https://www.tvdsb.ca/montcalm,
21f526e4-8ef2-4dd7-9d7b-cfc48e275882,Westmount Public School,https://www.tvdsb.ca/Westmount.cfm,https://www.tvdsb.ca/westmount,
898e31fd-61e6-423a-a297-5c163f7f5edf,East Carling Public School,http://sites.tvdsb.ca/eastcarling.cfm,https://www.tvdsb.ca/eastcarling,
99dd382c-baae-422c-a170-19aa4b2c6524,Northridge Public School,https://www.tvdsb.ca/Northridge.cfm,https://www.tvdsb.ca/northridge,
dfdf0d83-1824-44fb-9f72-4c06680dd755,Kensal Park Public School,https://www.tvdsb.ca/KensalPark.cfm,https://www.tvdsb.ca/kensalpark/,
30941042-6e11-4dfb-a50d-e7e880443333,Byron Southwood Public School,https://www.tvdsb.ca/ByronSouthwood.cfm,https://www.tvdsb.ca/byronsouthwood,
78db8026-94cd-476f-9026-2f511cf29e27,Byron Somerset Public School,https://www.tvdsb.ca/ByronSomerset.cfm,https://www.tvdsb.ca/byronsomerset,
c5329004-0a9f-4ac5-aad8-64e9f9e430cc,Sir George Etienne Cartier Public School,https://www.tvdsb.ca/SirGeorges.cfm,https://www.tvdsb.ca/sirgeorges,
e3a31960-703a-4aa9-8ea8-ca3be3533ffe,W. Sherwood Fox Public School,https://www.tvdsb.ca/SherwoodFox.cfm,https://www.tvdsb.ca/sherwoodfox,
75cadce6-ba0d-4495-bb54-287a8d623ec8,Bonaventure Meadows Public School,https://www.tvdsb.ca/Bonaventure.cfm,https://www.tvdsb.ca/bonaventure,
efc4638d-de84-4696-b14d-ce90bbd2a97f,C.C. Carrothers Public School,https://www.tvdsb.ca/Carrothers.cfm,https://www.tvdsb.ca/carrothers,
31d6f242-bad3-4f9c-b974-7a2524e4fd79,Jeanne-Sauvé Public School,https://www.tvdsb.ca/JeanneSauve.cfm,https://www.tvdsb.ca/jeannesauve,
80db9502-b193-42f5-ab97-b76e0403b1c2,Lester B. Pearson School for the Arts,https://www.tvdsb.ca/Pearson.cfm,https://www.tvdsb.ca/pearson,
b07005d7-350d-4cdf-9bc3-4154a3d0ca64,Princess Elizabeth Public School,https://www.tvdsb.ca/Elizabeth.cfm,https://www.tvdsb.ca/princesselizabeth,
dc97ac01-d613-402d-bf10-cbaf01b3809d,B. Davison Secondary School,http://sites.tvdsb.ca/bdavison.cfm,(removed),not on the board's list
158ba9cd-f9a5-4cf1-b83d-46daf7349b32,Trafalgar Public School,https://www.tvdsb.ca/Trafalgar.cfm,https://www.tvdsb.ca/trafalgar,
72e96abe-88d4-4424-87be-0d49d5e03ddb,Rick Hansen Public School,https://www.tvdsb.ca/RickHansen.cfm,https://www.tvdsb.ca/rickhansen,
a75ec4b6-e792-44d3-bdca-47c90788b8dd,Sir Frederick Banting Secondary School,https://www.tvdsb.ca/Banting.cfm,https://www.tvdsb.ca/banting,
b18a666d-d6cc-46d4-b45a-193229c082fe,Lord Nelson Public School,https://www.tvdsb.ca/LordNelson.cfm,https://www.tvdsb.ca/lordnelson,
e520d12e-1b5b-40aa-ba91-172747be63f1,Victoria Public School,https://www.tvdsb.ca/Victoria.cfm,https://www.tvdsb.ca/victoria,
e999e688-22a0-43b3-978b-75777ac856e7,Wortley Road Public School,https://www.tvdsb.ca/WortleyRoad.cfm,https://www.tvdsb.ca/wortley,
4a16a741-bafa-4c7e-8b84-f2ab4fcca69e,Aberdeen Public School,https://www.tvdsb.ca/Aberdeen.cfm,https://www.tvdsb.ca/aberdeen,
4c40358e-37ab-4296-8f26-737faffe87a7,Ryerson Public School,https://www.tvdsb.ca/Ryerson.cfm,(removed),not on the board's list
0cc2dc5b-28e2-40c8-b2bf-e0ee853894f3,Arthur Ford Public School,https://www.tvdsb.ca/ArthurFord.cfm,https://www.tvdsb.ca/arthurford,
08991460-96fb-4f34-956f-fa6aa9f52207,Glen Cairn Public School,https://www.tvdsb.ca/GlenCairn.cfm,https://www.tvdsb.ca/glencairn,
0005b0c0-62ca-4183-850f-21c4790691d7,Stoney Creek Public School,https://stoneycreek.tvdsb.ca,,still works
077c479e-dde9-4139-8d4e-d419f4abae02,Saunders Secondary School,https://www.tvdsb.ca/Saunders.cfm,https://www.tvdsb.ca/saunders,
0c174052-91aa-4486-8b89-87854986aaea,University Heights Public School,https://www.tvdsb.ca/UniversityHeights.cfm,https://www.tvdsb.ca/universityheights,
304d8017-022a-4750-81d2-4bbe00bed823,Mountsfield Public School,https://www.tvdsb.ca/Mountsfield.cfm,https://www.tvdsb.ca/mountsfield,
2fe806ec-b911-4fdf-9269-89847e2cac60,Louise Arbour French Immersion Public School,https://www.tvdsb.ca/louisearbour.cfm,https://www.tvdsb.ca/louisearbour,
2178700c-4b91-4c82-b1c5-9ad7aa7bceb4,Riverside Public School,https://www.tvdsb.ca/Riverside.cfm,https://www.tvdsb.ca/riverside,
2932e38c-2ad0-4253-b950-b43b6b13cbd3,John Dearness Public School,https://www.tvdsb.ca/JohnDearness.cfm,https://www.tvdsb.ca/johndearness,
657e296d-c9ff-484f-8b3a-7b3f01e17a0a,Sir Arthur Currie Public School,http://sites.tvdsb.ca/sirarthurcurrie.cfm,https://www.tvdsb.ca/sirarthurcurrie,
74ca77f7-a4a0-43ce-a3d2-b631040a11a3,Tweedsmuir Public School,https://www.tvdsb.ca/Tweedsmuir.cfm,https://www.tvdsb.ca/tweedsmuir,
7f0be7eb-ae15-4581-8ceb-7218b822b36c,Forest City Public School,https://forestcity.tvdsb.ca/en/index.aspx,https://www.tvdsb.ca/forestcity,
